{"cameraMode":{"drawMode":0,"name":"Shaded","section":"Shading Mode"},"sceneLighting":true,"audioPlay":false,"sceneViewState":{"showFog":true,"showMaterialUpdate":false,"showSkybox":true,"showFlares":true,"showImageEffects":true,"showParticleSystems":true},"in2DMode":false,"pivot":{"x":4.5108489990234379,"y":3.7105350494384767,"z":1.2392268180847169},"rotation":{"x":0.10809356719255448,"y":0.009256120771169663,"z":-0.0010063523659482599,"w":0.9941006302833557},"size":5.467967987060547,"orthographic":false}